,Peso (kg),Altura (cm),IMC,Classificação
0,47,161,18.132016511708652,Subpeso
1,80,170,27.68166089965398,Sobrepeso
2,60,175,19.591836734693878,Normal
3,90,162,34.293552812071326,Obesidade Grau 1
4,100,185,29.218407596785973,Sobrepeso
5,147,189,41.1522633744856,Obesidade Grau 2
